<?xml version="1.0" encoding="ISO-8859-1"?>
<metadata>
   <idinfo>
      <citation>
         <citeinfo>
            <origin>U.S. Department of Commerce, U.S. Census Bureau, Geography Division/Cartographic Products Branch</origin>
            <pubdate>2012</pubdate>
            <title>2012 Cartographic Boundary File, State-Congressional District (113th) for United States, 1:500,000</title>
            <geoform>vector digital data</geoform>
            <serinfo>
               <sername>2012 American Community Survey</sername>
               <issue>Cartographic Boundary File</issue>
            </serinfo>
            <onlink>http://www2.census.gov/geo/tiger/GENZ2012/</onlink>
         </citeinfo>
      </citation>
      <descript>
         <abstract>The 2012 cartographic boundary shapefiles are simplified representations of selected geographic areas from the Census Bureau's MAF/TIGER geographic database. These boundary files are specifically designed for small-scale thematic mapping. When possible generalization is performed with the intent to maintain the hierarchical relationships among geographies and to maintain the alignment of geographies within a file set for a given year. Geographic areas may not align with the same areas from another year. Some geographies are available as nation-based shapefiles while others are available only as state-based files. </abstract>
         <purpose>To improve the appearance of shapes at small scales, areas are represented with fewer vertices than detailed TIGER/Line equivalents.  These boundary files take up less disk space than their ungeneralized counterparts.  Cartographic boundary files take less time to render on screen.  These files were specifically created to support small-scale thematic mapping.</purpose>
      </descript>
      <timeperd>
         <timeinfo>
            <rngdates>
               <begdate>201212</begdate>
               <enddate>201212</enddate>
            </rngdates>
         </timeinfo>
         <current>publication date</current>
      </timeperd>
      <status>
         <progress>Complete</progress>
         <update>None planned.  New cartographic boundary files will be produced on an annual release schedule.  Types of geography released may vary from year to year.</update>
      </status>
      <spdom>
         <bounding>
            <westbc>-167.650000</westbc>
            <eastbc>-65.221527</eastbc>
            <northbc>71.342941</northbc>
            <southbc>-14.605210
</southbc>
         </bounding>
      </spdom>
      <keywords>
         <theme>
            <themekt>None</themekt>
            <themekey>2012</themekey>
            <themekey>Cartographic Boundary</themekey>
            <themekey>Generalized</themekey>
            <themekey>Shapefile</themekey>
            <themekey>State</themekey>
            <themekey>Congressional District</themekey>
         </theme>
         <theme>
            <themekt>ISO 19115 Topic Categories</themekt>
            <themekey>Boundaries</themekey>
         </theme>
         <place>
            <placekt>None
</placekt>
            <placekey>
United States
</placekey>
            <placekey>
US
</placekey>
         </place>
      </keywords>
      <accconst>None</accconst>
      <useconst>These products are free to use in a product or publication, however acknowledgement must be given to the U.S. Census Bureau as the source.  The boundary information is for visual display at appropriate small scales only.  Cartographic boundary files should not be used for geographic analysis including area or perimeter calculation.  Files should not be used for geocoding addresses.  Files should not be used for determining precise geographic area relationships.</useconst>
      <ptcontac>
         <cntinfo>
            <cntorgp>
               <cntorg>U.S. Department of Commerce, U.S. Census Bureau, Geography Division</cntorg>
            </cntorgp>
            <cntaddr>
               <addrtype>mailing</addrtype>
               <address>4600 Silver Hill Road</address>
               <city>Washington</city>
               <state>DC</state>
               <postal>20233-7400</postal>
               <country>United States</country>
            </cntaddr>
            <cntvoice>301.763.1128</cntvoice>
            <cntfax>301.763.4710</cntfax>
            <cntemail>geo.geography@census.gov</cntemail>
         </cntinfo>
      </ptcontac>
      <native>Files were generated by U.S. Census Bureau Linux-based batch generalization software.  FME (by Safe Software) was used to convert polygons from Oracle Spatial format into ESRI shapefile format.</native>
   </idinfo>
   <dataqual>
      <attracc>
         <attraccr>Accurate against American National Standards Institute (ANSI) Publication INCITS 446-2008 (Geographic Names Information System (GNIS)) at the 100% level for the codes and base names present in the file.  The remaining attribute information has been examined but has not been fully tested for accuracy.</attraccr>
      </attracc>
      <logic>The Census Bureau performed automated tests to ensure logical consistency of the source database.  Segments making up the outer and inner boundaries of a polygon tie end-to-end to completely enclose the area.  All polygons were tested for closure. The Census Bureau uses its internally developed geographic update system to enhance and modify spatial and attribute data in the Census MAF/TIGER database.  Standard geographic codes, such as FIPS codes for states, counties, municipalities, county subdivisions, places, American Indian/Alaska Native/Native Hawaiian areas, and congressional districts are used when encoding spatial entities.  The Census Bureau performed spatial data tests for logical consistency of the codes during the compilation of the original Census MAF/TIGER database files.  Feature attribute information has been examined but has not been fully tested for consistency.</logic>
      <complete>The Cartographic Boundary Files are generalized representations of extracts taken from the MAF/TIGER Database. Generalized boundary files are clipped to a simplified version of the U.S. outline. As a result, some off-shore areas may be excluded from the generalized files. Some small holes or discontiguous parts of areas are not included in generalized files.</complete>
      <lineage>
         <srcinfo>
            <srccite>
               <citeinfo>
                  <origin>U.S. Department of Commerce, U.S. Census Bureau, Geography Division</origin>
                  <pubdate>unpublished material</pubdate>
                  <title>Census MAF/TIGER database</title>
               </citeinfo>
            </srccite>
            <typesrc>Geo-spatial Relational Database</typesrc>
            <srctime>
               <timeinfo>
                  <rngdates>
                     <begdate>20120101</begdate>
                     <enddate>20120101</enddate>
                  </rngdates>
               </timeinfo>
               <srccurr>The dates describe the effective date of 2012 cartographic boundaries.</srccurr>
            </srctime>
            <srccitea>MAF/TIGER</srccitea>
            <srccontr>All spatial and feature data</srccontr>
         </srcinfo>
         <procstep>
            <procdesc>Spatial data were extracted from the MAF/TIGER database and processed through a U.S. Census Bureau batch generalization system.</procdesc>
            <srcused>MAF/TIGER</srcused>
            <procdate>201212</procdate>
         </procstep>
      </lineage>
   </dataqual>
   <spdoinfo>
      <indspref>INCITS (formerly FIPS) codes.</indspref>
      <direct>Vector</direct>
      <ptvctinf>
         <sdtsterm>
            <sdtstype>G-polygon</sdtstype>
            <ptvctcnt>444</ptvctcnt>
         </sdtsterm>
      </ptvctinf>
   </spdoinfo>
   <spref>
      <horizsys>
         <geograph>
            <latres>0.000458</latres>
            <longres>0.000458</longres>
            <geogunit>Decimal degrees</geogunit>
         </geograph>
         <geodetic>
            <horizdn>North American Datum of 1983</horizdn>
            <ellips>Geodetic Reference System 80</ellips>
            <semiaxis>6378137.000000</semiaxis>
            <denflat>298.257222</denflat>
         </geodetic>
      </horizsys>
   </spref>
   <eainfo>
      <overview>
         <eaover>The cartographic boundary polygon shapefiles contain boundary data for a specific type of Census geography.  See the U.S. Census Bureau Geographic Terms and Concepts documentation for further explanation of Census geography (http://www.census.gov/geo/www/2010census/GTC_10.pdf).  
Below is a list of possible fields.  Attribution will vary depending on the type of geography.  Field names, descriptions and data types are listed in this format:  FIELD_NAME Description [data value or type].
AFFGEOID AFF Summary Level Code, nation identifier; nation FIPS code [string]; AFFGEOID10 2010 Census AFF Summary Level Code, nation identifier; nation FIPS code [string]; ALAND Current land area [number]; ALAND10 2010 Census land area [number]; CD113FP 113th congressional district FIPS code [string]; CDSESSN 113th congressional session code [string]; GEOID identifier, code [string]; GEOID10 2010 Census identifier, 2010 Census code [string]; LSAD Current name and the translated legal/statistical area description code [string]; LSAD10 2010 Census name and the translated legal/statistical area description code [string]; LSY Legislative session year [string]; NAME10 2010 Census name [string]; NAMELSAD Current name and the translated legal/statistical area description [string]; NAMELSAD10 2010 Census name and the translated legal/statistical area description [string]; SLDLST Current state legislative district lower chamber code [string]; SLDUST Current state legislative district upper chamber code [string]; STATEFP Current state FIPS code [string]; UACE10 2010 Census urban area code [string]; UATYP10 2010 Census urban area type [string].
The ALAND or ALAND10 field is the calculated area derived from the ungeneralized area of each entity in square miles.  This field can be used in density calculations.  Users should not calculate the area of the generalized polygons for use in any analysis.  Use the GEOID field to join these spatial tables to 2010 Census data tables if needed.  
Some nation-based files may include Puerto Rico and the Island Areas of the United States.  Island areas include American Samoa, Guam, the Commonwealth of the Northern Mariana Islands (Northern Mariana Islands), and the United States Virgin Islands.</eaover>
         <eadetcit>http://www.census.gov/geo/www/2010census/GTC_10.pdf</eadetcit>
      </overview>
   </eainfo>
   <distinfo>
      <distrib>
         <cntinfo>
            <cntorgp>
               <cntorg>U.S. Department of Commerce, U.S. Census Bureau, Geography Division</cntorg>
            </cntorgp>
            <cntaddr>
               <addrtype>mailing</addrtype>
               <address>4600 Silver Hill Road</address>
               <city>Washington</city>
               <state>DC</state>
               <postal>20233-7400</postal>
               <country>United States</country>
            </cntaddr>
            <cntvoice>301.763.1128</cntvoice>
         </cntinfo>
      </distrib>
      <distliab>No warranty, expressed or implied is made with regard to the accuracy of these data, and no liability is assumed by the U.S. Government in general or the U.S. Census Bureau in specific as to the spatial or attribute accuracy of the data.  The act of distribution shall not constitute any such warranty and no responsibility is assumed by the U.S. government in the use of these files.  The boundary information is for small-scale mapping purposes only; boundary depiction and designation for small-scale mapping purposes do not constitute a determination of jurisdictional authority or rights of ownership or entitlement and they are not legal land descriptions.</distliab>
      <stdorder>
         <digform>
            <digtinfo>
               <formname>SHP (compressed)</formname>
               <filedec>The files were compressed using Linux-based Info-ZIP Zip 2.32. Files can be decompressed with PK-ZIP, version 1.93A or higher, WinZip or other decompression software packages.</filedec>
            </digtinfo>
            <digtopt>
               <onlinopt>
                  <computer>
                     <networka>
                        <networkr>http://www.census.gov/geo/www/cob/index.html</networkr>
                     </networka>
                  </computer>
               </onlinopt>
            </digtopt>
         </digform>
         <fees>The online cartographic boundary files may be downloaded without charge.</fees>
      </stdorder>
      <techpreq>The cartographic boundary files contain geographic data only and do not include display or mapping software or statistical data.  The files are delivered as zipped ESRI Shapefiles.  Users are responsible for converting or translating the files into a format used by their specific software packages.</techpreq>
   </distinfo>
   <metainfo>
      <metd>201307</metd>
      <metc>
         <cntinfo>
            <cntorgp>
               <cntorg>U.S. Department of Commerce, U.S. Census Bureau, Geography Division/Cartographic Products Branch</cntorg>
            </cntorgp>
            <cntaddr>
               <addrtype>mailing</addrtype>
               <address>4600 Silver Hill Road</address>
               <city>Washington</city>
               <state>DC</state>
               <postal>20233-7400</postal>
               <country>United States</country>
            </cntaddr>
            <cntvoice>301.763.1101</cntvoice>
            <cntfax>301.763.4710</cntfax>
            <cntemail>geo.geography@census.gov</cntemail>
         </cntinfo>
      </metc>
      <metstdn>Content Standard for Digital Geospatial Metadata</metstdn>
      <metstdv>FGDC-STD-001-1998</metstdv>
   </metainfo>
</metadata>